48,Lucas Moore,96
8,Henry Moore,69
84,Oliver Moore,43
19,Elijah Davis,83
65,Henry Garcia,50
3,William Garcia,55
56,James Johnson,84
99,Alexander Lopez,69
32,Lucas Smith,56
27,William Taylor,48
83,James Thomas,88
29,Benjamin Rodriguez,80
89,Noah Miller,60
64,Alexander Wilson,67
50,James Taylor,47
2,Lucas Williams,54
78,Henry Martin,51
100,Oliver Jackson,77
75,Elijah Jones,46
41,William Thomas,60
33,Benjamin Jackson,86
49,Noah Rodriguez,65
23,Elijah Martin,83
45,Elijah Martinez,79
40,Alexander Rodriguez,78
37,Henry Wilson,78
66,Noah Davis,65
98,Henry Rodriguez,85
90,Benjamin Gonzalez,63
61,Henry Johnson,68
13,James Gonzalez,59
94,Liam Miller,93
6,William Jackson,97
11,Elijah Moore,47
93,Noah Moore,99
5,Henry Thomas,57
7,Benjamin Williams,80
58,Liam Jones,50
68,Benjamin Thomas,81
4,Henry Williams,84
18,Noah Smith,72
26,Oliver Garcia,97
53,Henry Jackson,98
55,Liam Martin,40
62,James Moore,88
86,Lucas Anderson,90
31,Henry Smith,74
24,Oliver Williams,72
74,Lucas Martinez,72
9,Lucas Johnson,84
73,James Brown,62
51,Liam Brown,85
92,Lucas Rodriguez,77
35,Alexander Thomas,85
81,Noah Jackson,58
96,William Brown,57
16,James Martin,79
28,James Anderson,48
70,Benjamin Martin,72
69,William Jones,89
1,Liam Johnson,64
44,Benjamin Davis,97
87,Lucas Davis,48
36,Liam Thomas,68
30,James Smith,68
72,Oliver Wilson,79
97,Alexander Martin,73
82,Alexander Anderson,47
15,Lucas Jones,48
54,Oliver Martin,51
22,Henry Miller,91
77,William Anderson,72
80,Henry Lopez,47
43,Liam Gonzalez,48
91,William Smith,84
12,Oliver Thomas,43
42,Benjamin Smith,94
59,Noah Jones,90
20,Lucas Miller,59
85,Alexander Miller,57
34,Noah Williams,71
10,Liam Taylor,85
52,Noah Anderson,99
71,Elijah Anderson,72
14,Henry Taylor,92
25,Elijah Wilson,79
46,Oliver Jones,96
39,James Martinez,58
60,Henry Gonzalez,87
67,Alexander Jones,82
76,William Wilson,90
21,Liam Smith,46
88,Liam Moore,66
63,Elijah Johnson,72
47,Oliver Taylor,97
17,Henry Jones,93
95,Elijah Williams,61
79,Liam Jackson,86
38,Oliver Anderson,76
57,Benjamin Moore,68